{
	"network-config": {
		"orderer": {
			"url": "grpcs://10.0.102.130:7050",
			"server-hostname": "orderer0.example.com",
			"tls_cacerts": "../artifacts/channel/crypto-config/ordererOrganizations/example.com/orderers/orderer0.example.com/tls/ca.crt"
		},
		"org1": {
			"name": "peerOrg1",
			"mspid": "Org1MSP",
			"ca": "https://10.0.102.129:7054",
			"peer1": {
				"requests": "grpcs://10.0.102.130:7051",
				"events": "grpcs://10.0.102.130:7053",
				"server-hostname": "peer0.org1.example.com",
				"tls_cacerts": "../artifacts/channel/crypto-config/peerOrganizations/org1.example.com/peers/peer0.org1.example.com/tls/ca.crt"
			},
			"peer2": {
				"requests": "grpcs://10.0.102.129:7056",
				"events": "grpcs://10.0.102.129:7058",
				"server-hostname": "peer1.org1.example.com",
				"tls_cacerts": "../artifacts/channel/crypto-config/peerOrganizations/org1.example.com/peers/peer1.org1.example.com/tls/ca.crt"
			},
			"peer3": {
				"requests": "grpcs://10.0.102.128:8051",
				"events": "grpcs://10.0.102.128:8053",
				"server-hostname": "peer2.org1.example.com",
				"tls_cacerts": "../artifacts/channel/crypto-config/peerOrganizations/org1.example.com/peers/peer2.org1.example.com/tls/ca.crt"
			},
			"peer4": {
				"requests": "grpcs://10.224.102.214:8056",
				"events": "grpcs://10.224.102.214:8058",
				"server-hostname": "peer3.org1.example.com",
				"tls_cacerts": "../artifacts/channel/crypto-config/peerOrganizations/org1.example.com/peers/peer3.org1.example.com/tls/ca.crt"
			},
			"peer5": {
				"requests": "grpcs://10.224.102.129:9051",
				"events": "grpcs://10.224.102.129:9051",
				"server-hostname": "peer4.org1.example.com",
				"tls_cacerts": "../artifacts/channel/crypto-config/peerOrganizations/org1.example.com/peers/peer4.org1.example.com/tls/ca.crt"
			},
			"peer6": {
				"requests": "grpcs://10.0.102.127:9056",
				"events": "grpcs://10.0.102.127:9058",
				"server-hostname": "peer5.org1.example.com",
				"tls_cacerts": "../artifacts/channel/crypto-config/peerOrganizations/org1.example.com/peers/peer5.org1.example.com/tls/ca.crt"
			},
			"admin": {
				"key": "../artifacts/channel/crypto-config/peerOrganizations/org1.example.com/users/Admin@org1.example.com/msp/keystore",
				"cert": "../artifacts/channel/crypto-config/peerOrganizations/org1.example.com/users/Admin@org1.example.com/msp/signcerts"
			}
		}
	}
}
